bechmark,formula,index,output,error,time,details
rational,(3.87*x**1+5.77*x**0) / (8.32*x**3 + 5.44*x**2 + 0.77*x**1 + 7.78*x**0),0,"(0.616943, 0.727933)",,"(0.10847139358520508, 0.13376188278198242)","[{'N': 10000, 'repeat': 0, 'n_integrations': 1, 'mode': 'SAE4WMI', 'output': 0.616943, 'time': 0.13376188278198242}, {'N': 10000, 'repeat': 1, 'n_integrations': 1, 'mode': 'SAE4WMI', 'output': 0.654804, 'time': 0.11879372596740723}, {'N': 10000, 'repeat': 2, 'n_integrations': 1, 'mode': 'SAE4WMI', 'output': 0.678888, 'time': 0.11713171005249023}, {'N': 10000, 'repeat': 3, 'n_integrations': 1, 'mode': 'SAE4WMI', 'output': 0.68813, 'time': 0.12868261337280273}, {'N': 10000, 'repeat': 4, 'n_integrations': 1, 'mode': 'SAE4WMI', 'output': 0.727933, 'time': 0.1290135383605957}, {'N': 10000, 'repeat': 5, 'n_integrations': 1, 'mode': 'SAE4WMI', 'output': 0.662356, 'time': 0.11771774291992188}, {'N': 10000, 'repeat': 6, 'n_integrations': 1, 'mode': 'SAE4WMI', 'output': 0.646957, 'time': 0.11829972267150879}, {'N': 10000, 'repeat': 7, 'n_integrations': 1, 'mode': 'SAE4WMI', 'output': 0.692679, 'time': 0.10847139358520508}, {'N': 10000, 'repeat': 8, 'n_integrations': 1, 'mode': 'SAE4WMI', 'output': 0.632414, 'time': 0.12412095069885254}, {'N': 10000, 'repeat': 9, 'n_integrations': 1, 'mode': 'SAE4WMI', 'output': 0.696629, 'time': 0.11795449256896973}]"
rational,(2.67*x**1+3.94*x**0) / (2.08*x**1 + 2.78*x**0),1,"(1.26521, 1.39941)",,"(0.1087343692779541, 0.13344430923461914)","[{'N': 10000, 'repeat': 0, 'n_integrations': 1, 'mode': 'SAE4WMI', 'output': 1.27772, 'time': 0.1087343692779541}, {'N': 10000, 'repeat': 1, 'n_integrations': 1, 'mode': 'SAE4WMI', 'output': 1.39941, 'time': 0.1295466423034668}, {'N': 10000, 'repeat': 2, 'n_integrations': 1, 'mode': 'SAE4WMI', 'output': 1.31923, 'time': 0.1165781021118164}, {'N': 10000, 'repeat': 3, 'n_integrations': 1, 'mode': 'SAE4WMI', 'output': 1.32288, 'time': 0.1287527084350586}, {'N': 10000, 'repeat': 4, 'n_integrations': 1, 'mode': 'SAE4WMI', 'output': 1.26521, 'time': 0.13344430923461914}, {'N': 10000, 'repeat': 5, 'n_integrations': 1, 'mode': 'SAE4WMI', 'output': 1.32534, 'time': 0.13276386260986328}, {'N': 10000, 'repeat': 6, 'n_integrations': 1, 'mode': 'SAE4WMI', 'output': 1.39677, 'time': 0.1255793571472168}, {'N': 10000, 'repeat': 7, 'n_integrations': 1, 'mode': 'SAE4WMI', 'output': 1.37103, 'time': 0.11272883415222168}, {'N': 10000, 'repeat': 8, 'n_integrations': 1, 'mode': 'SAE4WMI', 'output': 1.28704, 'time': 0.13063740730285645}, {'N': 10000, 'repeat': 9, 'n_integrations': 1, 'mode': 'SAE4WMI', 'output': 1.29411, 'time': 0.12208390235900879}]"
rational,(0.15*x**0) / (5.08*x**2 + 5.3*x**1 + 9.11*x**0),2,"(0.0104545, 0.0121287)",,"(0.10523247718811035, 0.14924836158752441)","[{'N': 10000, 'repeat': 0, 'n_integrations': 1, 'mode': 'SAE4WMI', 'output': 0.0118075, 'time': 0.11788606643676758}, {'N': 10000, 'repeat': 1, 'n_integrations': 1, 'mode': 'SAE4WMI', 'output': 0.0121287, 'time': 0.14924836158752441}, {'N': 10000, 'repeat': 2, 'n_integrations': 1, 'mode': 'SAE4WMI', 'output': 0.0104545, 'time': 0.13564443588256836}, {'N': 10000, 'repeat': 3, 'n_integrations': 1, 'mode': 'SAE4WMI', 'output': 0.0115801, 'time': 0.11214947700500488}, {'N': 10000, 'repeat': 4, 'n_integrations': 1, 'mode': 'SAE4WMI', 'output': 0.0120847, 'time': 0.12632536888122559}, {'N': 10000, 'repeat': 5, 'n_integrations': 1, 'mode': 'SAE4WMI', 'output': 0.0119049, 'time': 0.11980485916137695}, {'N': 10000, 'repeat': 6, 'n_integrations': 1, 'mode': 'SAE4WMI', 'output': 0.0113484, 'time': 0.10761737823486328}, {'N': 10000, 'repeat': 7, 'n_integrations': 1, 'mode': 'SAE4WMI', 'output': 0.0116024, 'time': 0.11340165138244629}, {'N': 10000, 'repeat': 8, 'n_integrations': 1, 'mode': 'SAE4WMI', 'output': 0.0110288, 'time': 0.10523247718811035}, {'N': 10000, 'repeat': 9, 'n_integrations': 1, 'mode': 'SAE4WMI', 'output': 0.0109444, 'time': 0.10710859298706055}]"
rational,(3.53*x**2+4.89*x**1+0.17*x**0) / (4.51*x**2 + 9.11*x**1 + 0.58*x**0),3,"(0.469831, 0.617519)",,"(0.10309672355651855, 0.14017534255981445)","[{'N': 10000, 'repeat': 0, 'n_integrations': 1, 'mode': 'SAE4WMI', 'output': 0.469831, 'time': 0.14017534255981445}, {'N': 10000, 'repeat': 1, 'n_integrations': 1, 'mode': 'SAE4WMI', 'output': 0.617519, 'time': 0.11286735534667969}, {'N': 10000, 'repeat': 2, 'n_integrations': 1, 'mode': 'SAE4WMI', 'output': 0.53423, 'time': 0.10556888580322266}, {'N': 10000, 'repeat': 3, 'n_integrations': 1, 'mode': 'SAE4WMI', 'output': 0.555902, 'time': 0.10364460945129395}, {'N': 10000, 'repeat': 4, 'n_integrations': 1, 'mode': 'SAE4WMI', 'output': 0.575429, 'time': 0.1093752384185791}, {'N': 10000, 'repeat': 5, 'n_integrations': 1, 'mode': 'SAE4WMI', 'output': 0.518088, 'time': 0.1204228401184082}, {'N': 10000, 'repeat': 6, 'n_integrations': 1, 'mode': 'SAE4WMI', 'output': 0.554543, 'time': 0.10814094543457031}, {'N': 10000, 'repeat': 7, 'n_integrations': 1, 'mode': 'SAE4WMI', 'output': 0.549967, 'time': 0.1140594482421875}, {'N': 10000, 'repeat': 8, 'n_integrations': 1, 'mode': 'SAE4WMI', 'output': 0.54875, 'time': 0.10857152938842773}, {'N': 10000, 'repeat': 9, 'n_integrations': 1, 'mode': 'SAE4WMI', 'output': 0.543579, 'time': 0.10309672355651855}]"
rational,(8.03*x**2+2.42*x**1+9.79*x**0) / (3.11*x**2 + 9.15*x**1 + 7.41*x**0),4,"(0.943715, 1.11774)",,"(0.11050629615783691, 0.14609694480895996)","[{'N': 10000, 'repeat': 0, 'n_integrations': 1, 'mode': 'SAE4WMI', 'output': 1.08221, 'time': 0.12572169303894043}, {'N': 10000, 'repeat': 1, 'n_integrations': 1, 'mode': 'SAE4WMI', 'output': 0.990098, 'time': 0.11849689483642578}, {'N': 10000, 'repeat': 2, 'n_integrations': 1, 'mode': 'SAE4WMI', 'output': 1.07824, 'time': 0.13122034072875977}, {'N': 10000, 'repeat': 3, 'n_integrations': 1, 'mode': 'SAE4WMI', 'output': 1.01705, 'time': 0.11394309997558594}, {'N': 10000, 'repeat': 4, 'n_integrations': 1, 'mode': 'SAE4WMI', 'output': 0.943715, 'time': 0.13029766082763672}, {'N': 10000, 'repeat': 5, 'n_integrations': 1, 'mode': 'SAE4WMI', 'output': 1.07088, 'time': 0.12864279747009277}, {'N': 10000, 'repeat': 6, 'n_integrations': 1, 'mode': 'SAE4WMI', 'output': 1.06336, 'time': 0.11277627944946289}, {'N': 10000, 'repeat': 7, 'n_integrations': 1, 'mode': 'SAE4WMI', 'output': 1.11774, 'time': 0.12168502807617188}, {'N': 10000, 'repeat': 8, 'n_integrations': 1, 'mode': 'SAE4WMI', 'output': 1.08796, 'time': 0.11050629615783691}, {'N': 10000, 'repeat': 9, 'n_integrations': 1, 'mode': 'SAE4WMI', 'output': 1.0297, 'time': 0.14609694480895996}]"
rational,(8.0*x**0) / (4.54*x**1 + 3.38*x**0),5,"(1.36274, 1.51168)",,"(0.11057925224304199, 0.20654630661010742)","[{'N': 10000, 'repeat': 0, 'n_integrations': 1, 'mode': 'SAE4WMI', 'output': 1.46244, 'time': 0.20654630661010742}, {'N': 10000, 'repeat': 1, 'n_integrations': 1, 'mode': 'SAE4WMI', 'output': 1.4685, 'time': 0.12556862831115723}, {'N': 10000, 'repeat': 2, 'n_integrations': 1, 'mode': 'SAE4WMI', 'output': 1.38742, 'time': 0.11057925224304199}, {'N': 10000, 'repeat': 3, 'n_integrations': 1, 'mode': 'SAE4WMI', 'output': 1.46292, 'time': 0.1254410743713379}, {'N': 10000, 'repeat': 4, 'n_integrations': 1, 'mode': 'SAE4WMI', 'output': 1.51168, 'time': 0.12951111793518066}, {'N': 10000, 'repeat': 5, 'n_integrations': 1, 'mode': 'SAE4WMI', 'output': 1.46432, 'time': 0.12733817100524902}, {'N': 10000, 'repeat': 6, 'n_integrations': 1, 'mode': 'SAE4WMI', 'output': 1.51024, 'time': 0.1371457576751709}, {'N': 10000, 'repeat': 7, 'n_integrations': 1, 'mode': 'SAE4WMI', 'output': 1.4375, 'time': 0.12236261367797852}, {'N': 10000, 'repeat': 8, 'n_integrations': 1, 'mode': 'SAE4WMI', 'output': 1.44366, 'time': 0.12974905967712402}, {'N': 10000, 'repeat': 9, 'n_integrations': 1, 'mode': 'SAE4WMI', 'output': 1.36274, 'time': 0.1377274990081787}]"
rational,(8.72*x**3+4.97*x**2+9.93*x**1+9.22*x**0) / (8.34*x**1 + 0.97*x**0),6,"(3.48932, 4.03683)",,"(0.10410857200622559, 0.14414525032043457)","[{'N': 10000, 'repeat': 0, 'n_integrations': 1, 'mode': 'SAE4WMI', 'output': 4.03683, 'time': 0.12678885459899902}, {'N': 10000, 'repeat': 1, 'n_integrations': 1, 'mode': 'SAE4WMI', 'output': 3.87149, 'time': 0.11060571670532227}, {'N': 10000, 'repeat': 2, 'n_integrations': 1, 'mode': 'SAE4WMI', 'output': 4.00527, 'time': 0.1290276050567627}, {'N': 10000, 'repeat': 3, 'n_integrations': 1, 'mode': 'SAE4WMI', 'output': 3.72957, 'time': 0.1271371841430664}, {'N': 10000, 'repeat': 4, 'n_integrations': 1, 'mode': 'SAE4WMI', 'output': 3.90416, 'time': 0.13616657257080078}, {'N': 10000, 'repeat': 5, 'n_integrations': 1, 'mode': 'SAE4WMI', 'output': 3.6959, 'time': 0.1281580924987793}, {'N': 10000, 'repeat': 6, 'n_integrations': 1, 'mode': 'SAE4WMI', 'output': 3.51779, 'time': 0.11796689033508301}, {'N': 10000, 'repeat': 7, 'n_integrations': 1, 'mode': 'SAE4WMI', 'output': 3.48932, 'time': 0.10410857200622559}, {'N': 10000, 'repeat': 8, 'n_integrations': 1, 'mode': 'SAE4WMI', 'output': 3.72463, 'time': 0.14414525032043457}, {'N': 10000, 'repeat': 9, 'n_integrations': 1, 'mode': 'SAE4WMI', 'output': 3.90297, 'time': 0.13589000701904297}]"
rational,(4.73*x**1+7.21*x**0) / (8.55*x**3 + 6.43*x**2 + 2.09*x**1 + 3.23*x**0),7,"(1.23835, 1.48341)",,"(0.10447335243225098, 0.14891505241394043)","[{'N': 10000, 'repeat': 0, 'n_integrations': 1, 'mode': 'SAE4WMI', 'output': 1.40276, 'time': 0.13283109664916992}, {'N': 10000, 'repeat': 1, 'n_integrations': 1, 'mode': 'SAE4WMI', 'output': 1.40895, 'time': 0.1319591999053955}, {'N': 10000, 'repeat': 2, 'n_integrations': 1, 'mode': 'SAE4WMI', 'output': 1.32962, 'time': 0.12946224212646484}, {'N': 10000, 'repeat': 3, 'n_integrations': 1, 'mode': 'SAE4WMI', 'output': 1.33079, 'time': 0.13519954681396484}, {'N': 10000, 'repeat': 4, 'n_integrations': 1, 'mode': 'SAE4WMI', 'output': 1.30627, 'time': 0.10768318176269531}, {'N': 10000, 'repeat': 5, 'n_integrations': 1, 'mode': 'SAE4WMI', 'output': 1.48341, 'time': 0.10491752624511719}, {'N': 10000, 'repeat': 6, 'n_integrations': 1, 'mode': 'SAE4WMI', 'output': 1.41111, 'time': 0.12375402450561523}, {'N': 10000, 'repeat': 7, 'n_integrations': 1, 'mode': 'SAE4WMI', 'output': 1.35174, 'time': 0.14891505241394043}, {'N': 10000, 'repeat': 8, 'n_integrations': 1, 'mode': 'SAE4WMI', 'output': 1.44462, 'time': 0.1313645839691162}, {'N': 10000, 'repeat': 9, 'n_integrations': 1, 'mode': 'SAE4WMI', 'output': 1.23835, 'time': 0.10447335243225098}]"
rational,(7.18*x**1+6.52*x**0) / (6.88*x**1 + 3.12*x**0),8,"(1.46068, 1.69419)",,"(0.10153460502624512, 0.13567042350769043)","[{'N': 10000, 'repeat': 0, 'n_integrations': 1, 'mode': 'SAE4WMI', 'output': 1.61533, 'time': 0.10153460502624512}, {'N': 10000, 'repeat': 1, 'n_integrations': 1, 'mode': 'SAE4WMI', 'output': 1.50124, 'time': 0.13163995742797852}, {'N': 10000, 'repeat': 2, 'n_integrations': 1, 'mode': 'SAE4WMI', 'output': 1.53704, 'time': 0.11528921127319336}, {'N': 10000, 'repeat': 3, 'n_integrations': 1, 'mode': 'SAE4WMI', 'output': 1.69419, 'time': 0.134368896484375}, {'N': 10000, 'repeat': 4, 'n_integrations': 1, 'mode': 'SAE4WMI', 'output': 1.61116, 'time': 0.12305903434753418}, {'N': 10000, 'repeat': 5, 'n_integrations': 1, 'mode': 'SAE4WMI', 'output': 1.46068, 'time': 0.12044095993041992}, {'N': 10000, 'repeat': 6, 'n_integrations': 1, 'mode': 'SAE4WMI', 'output': 1.60385, 'time': 0.11949563026428223}, {'N': 10000, 'repeat': 7, 'n_integrations': 1, 'mode': 'SAE4WMI', 'output': 1.55805, 'time': 0.13567042350769043}, {'N': 10000, 'repeat': 8, 'n_integrations': 1, 'mode': 'SAE4WMI', 'output': 1.65499, 'time': 0.12472796440124512}, {'N': 10000, 'repeat': 9, 'n_integrations': 1, 'mode': 'SAE4WMI', 'output': 1.67174, 'time': 0.10971975326538086}]"
rational,(5.9*x**2+6.79*x**1+4.35*x**0) / (5.11*x**0),9,"(1.85225, 1.9972)",,"(0.11149001121520996, 0.13322997093200684)","[{'N': 10000, 'repeat': 0, 'n_integrations': 1, 'mode': 'SAE4WMI', 'output': 1.98304, 'time': 0.12510895729064941}, {'N': 10000, 'repeat': 1, 'n_integrations': 1, 'mode': 'SAE4WMI', 'output': 1.9972, 'time': 0.12498664855957031}, {'N': 10000, 'repeat': 2, 'n_integrations': 1, 'mode': 'SAE4WMI', 'output': 1.9046, 'time': 0.12254166603088379}, {'N': 10000, 'repeat': 3, 'n_integrations': 1, 'mode': 'SAE4WMI', 'output': 1.9184, 'time': 0.13322997093200684}, {'N': 10000, 'repeat': 4, 'n_integrations': 1, 'mode': 'SAE4WMI', 'output': 1.93408, 'time': 0.12898850440979004}, {'N': 10000, 'repeat': 5, 'n_integrations': 1, 'mode': 'SAE4WMI', 'output': 1.89002, 'time': 0.12892603874206543}, {'N': 10000, 'repeat': 6, 'n_integrations': 1, 'mode': 'SAE4WMI', 'output': 1.90919, 'time': 0.12904715538024902}, {'N': 10000, 'repeat': 7, 'n_integrations': 1, 'mode': 'SAE4WMI', 'output': 1.87393, 'time': 0.12045860290527344}, {'N': 10000, 'repeat': 8, 'n_integrations': 1, 'mode': 'SAE4WMI', 'output': 1.85939, 'time': 0.11987185478210449}, {'N': 10000, 'repeat': 9, 'n_integrations': 1, 'mode': 'SAE4WMI', 'output': 1.85225, 'time': 0.11149001121520996}]"
rational,(3.15*x**2+2.02*x**1+1.37*x**0) / (1.09*x**0),10,"(2.8054, 3.35455)",,"(0.1015024185180664, 0.13615703582763672)","[{'N': 10000, 'repeat': 0, 'n_integrations': 1, 'mode': 'SAE4WMI', 'output': 2.92856, 'time': 0.13160967826843262}, {'N': 10000, 'repeat': 1, 'n_integrations': 1, 'mode': 'SAE4WMI', 'output': 3.23158, 'time': 0.1015024185180664}, {'N': 10000, 'repeat': 2, 'n_integrations': 1, 'mode': 'SAE4WMI', 'output': 3.35455, 'time': 0.1199803352355957}, {'N': 10000, 'repeat': 3, 'n_integrations': 1, 'mode': 'SAE4WMI', 'output': 3.02612, 'time': 0.11638259887695312}, {'N': 10000, 'repeat': 4, 'n_integrations': 1, 'mode': 'SAE4WMI', 'output': 3.12608, 'time': 0.12131142616271973}, {'N': 10000, 'repeat': 5, 'n_integrations': 1, 'mode': 'SAE4WMI', 'output': 3.15077, 'time': 0.12485718727111816}, {'N': 10000, 'repeat': 6, 'n_integrations': 1, 'mode': 'SAE4WMI', 'output': 3.02921, 'time': 0.13258004188537598}, {'N': 10000, 'repeat': 7, 'n_integrations': 1, 'mode': 'SAE4WMI', 'output': 3.2918, 'time': 0.12675118446350098}, {'N': 10000, 'repeat': 8, 'n_integrations': 1, 'mode': 'SAE4WMI', 'output': 2.8054, 'time': 0.12990593910217285}, {'N': 10000, 'repeat': 9, 'n_integrations': 1, 'mode': 'SAE4WMI', 'output': 2.95112, 'time': 0.13615703582763672}]"
rational,(3.07*x**1+6.25*x**0) / (2.25*x**1 + 3.44*x**0),11,"(1.60194, 1.82776)",,"(0.11774659156799316, 0.14815354347229004)","[{'N': 10000, 'repeat': 0, 'n_integrations': 1, 'mode': 'SAE4WMI', 'output': 1.60194, 'time': 0.12302350997924805}, {'N': 10000, 'repeat': 1, 'n_integrations': 1, 'mode': 'SAE4WMI', 'output': 1.7145, 'time': 0.12095451354980469}, {'N': 10000, 'repeat': 2, 'n_integrations': 1, 'mode': 'SAE4WMI', 'output': 1.82776, 'time': 0.12373185157775879}, {'N': 10000, 'repeat': 3, 'n_integrations': 1, 'mode': 'SAE4WMI', 'output': 1.68792, 'time': 0.11857128143310547}, {'N': 10000, 'repeat': 4, 'n_integrations': 1, 'mode': 'SAE4WMI', 'output': 1.73972, 'time': 0.11774659156799316}, {'N': 10000, 'repeat': 5, 'n_integrations': 1, 'mode': 'SAE4WMI', 'output': 1.67392, 'time': 0.12996912002563477}, {'N': 10000, 'repeat': 6, 'n_integrations': 1, 'mode': 'SAE4WMI', 'output': 1.63634, 'time': 0.14815354347229004}, {'N': 10000, 'repeat': 7, 'n_integrations': 1, 'mode': 'SAE4WMI', 'output': 1.65526, 'time': 0.12337040901184082}, {'N': 10000, 'repeat': 8, 'n_integrations': 1, 'mode': 'SAE4WMI', 'output': 1.77265, 'time': 0.13141679763793945}, {'N': 10000, 'repeat': 9, 'n_integrations': 1, 'mode': 'SAE4WMI', 'output': 1.786, 'time': 0.12934446334838867}]"
rational,(5.39*x**3+5.43*x**2+5.87*x**1+8.65*x**0) / (5.45*x**2 + 6.01*x**1 + 6.2*x**0),12,"(1.23733, 1.45337)",,"(0.1156923770904541, 0.1378767490386963)","[{'N': 10000, 'repeat': 0, 'n_integrations': 1, 'mode': 'SAE4WMI', 'output': 1.24517, 'time': 0.1378767490386963}, {'N': 10000, 'repeat': 1, 'n_integrations': 1, 'mode': 'SAE4WMI', 'output': 1.25811, 'time': 0.13080954551696777}, {'N': 10000, 'repeat': 2, 'n_integrations': 1, 'mode': 'SAE4WMI', 'output': 1.25106, 'time': 0.13697004318237305}, {'N': 10000, 'repeat': 3, 'n_integrations': 1, 'mode': 'SAE4WMI', 'output': 1.28296, 'time': 0.12865257263183594}, {'N': 10000, 'repeat': 4, 'n_integrations': 1, 'mode': 'SAE4WMI', 'output': 1.43869, 'time': 0.1156923770904541}, {'N': 10000, 'repeat': 5, 'n_integrations': 1, 'mode': 'SAE4WMI', 'output': 1.23733, 'time': 0.13576388359069824}, {'N': 10000, 'repeat': 6, 'n_integrations': 1, 'mode': 'SAE4WMI', 'output': 1.34977, 'time': 0.12629318237304688}, {'N': 10000, 'repeat': 7, 'n_integrations': 1, 'mode': 'SAE4WMI', 'output': 1.33025, 'time': 0.13707232475280762}, {'N': 10000, 'repeat': 8, 'n_integrations': 1, 'mode': 'SAE4WMI', 'output': 1.31998, 'time': 0.12877535820007324}, {'N': 10000, 'repeat': 9, 'n_integrations': 1, 'mode': 'SAE4WMI', 'output': 1.45337, 'time': 0.12952375411987305}]"
rational,(2.63*x**3+5.39*x**2+0.46*x**1+2.45*x**0) / (1.52*x**3 + 0.61*x**2 + 4.69*x**1 + 8.65*x**0),13,"(0.362054, 0.47112)",,"(0.11469125747680664, 0.15386056900024414)","[{'N': 10000, 'repeat': 0, 'n_integrations': 1, 'mode': 'SAE4WMI', 'output': 0.397514, 'time': 0.1148233413696289}, {'N': 10000, 'repeat': 1, 'n_integrations': 1, 'mode': 'SAE4WMI', 'output': 0.411191, 'time': 0.12731146812438965}, {'N': 10000, 'repeat': 2, 'n_integrations': 1, 'mode': 'SAE4WMI', 'output': 0.405754, 'time': 0.12335896492004395}, {'N': 10000, 'repeat': 3, 'n_integrations': 1, 'mode': 'SAE4WMI', 'output': 0.412375, 'time': 0.15386056900024414}, {'N': 10000, 'repeat': 4, 'n_integrations': 1, 'mode': 'SAE4WMI', 'output': 0.371331, 'time': 0.1352860927581787}, {'N': 10000, 'repeat': 5, 'n_integrations': 1, 'mode': 'SAE4WMI', 'output': 0.421647, 'time': 0.13413524627685547}, {'N': 10000, 'repeat': 6, 'n_integrations': 1, 'mode': 'SAE4WMI', 'output': 0.392954, 'time': 0.11696887016296387}, {'N': 10000, 'repeat': 7, 'n_integrations': 1, 'mode': 'SAE4WMI', 'output': 0.362054, 'time': 0.11735773086547852}, {'N': 10000, 'repeat': 8, 'n_integrations': 1, 'mode': 'SAE4WMI', 'output': 0.47112, 'time': 0.11577272415161133}, {'N': 10000, 'repeat': 9, 'n_integrations': 1, 'mode': 'SAE4WMI', 'output': 0.399088, 'time': 0.11469125747680664}]"
rational,(8.17*x**1+6.13*x**0) / (0.96*x**0),14,"(9.40095, 11.0298)",,"(0.10911893844604492, 0.1352066993713379)","[{'N': 10000, 'repeat': 0, 'n_integrations': 1, 'mode': 'SAE4WMI', 'output': 10.6762, 'time': 0.13112306594848633}, {'N': 10000, 'repeat': 1, 'n_integrations': 1, 'mode': 'SAE4WMI', 'output': 10.1395, 'time': 0.11524152755737305}, {'N': 10000, 'repeat': 2, 'n_integrations': 1, 'mode': 'SAE4WMI', 'output': 10.0041, 'time': 0.1352066993713379}, {'N': 10000, 'repeat': 3, 'n_integrations': 1, 'mode': 'SAE4WMI', 'output': 10.9205, 'time': 0.11112141609191895}, {'N': 10000, 'repeat': 4, 'n_integrations': 1, 'mode': 'SAE4WMI', 'output': 10.521, 'time': 0.11908817291259766}, {'N': 10000, 'repeat': 5, 'n_integrations': 1, 'mode': 'SAE4WMI', 'output': 10.6676, 'time': 0.11913061141967773}, {'N': 10000, 'repeat': 6, 'n_integrations': 1, 'mode': 'SAE4WMI', 'output': 11.0298, 'time': 0.10950660705566406}, {'N': 10000, 'repeat': 7, 'n_integrations': 1, 'mode': 'SAE4WMI', 'output': 10.1742, 'time': 0.1155250072479248}, {'N': 10000, 'repeat': 8, 'n_integrations': 1, 'mode': 'SAE4WMI', 'output': 10.7291, 'time': 0.11322784423828125}, {'N': 10000, 'repeat': 9, 'n_integrations': 1, 'mode': 'SAE4WMI', 'output': 9.40095, 'time': 0.10911893844604492}]"
rational,(0.03*x**2+4.83*x**1+6.97*x**0) / (5.33*x**3 + 3.8*x**2 + 1.5*x**1 + 4.27*x**0),15,"(1.15871, 1.39828)",,"(0.09692859649658203, 0.13193464279174805)","[{'N': 10000, 'repeat': 0, 'n_integrations': 1, 'mode': 'SAE4WMI', 'output': 1.31897, 'time': 0.12836027145385742}, {'N': 10000, 'repeat': 1, 'n_integrations': 1, 'mode': 'SAE4WMI', 'output': 1.31712, 'time': 0.11219239234924316}, {'N': 10000, 'repeat': 2, 'n_integrations': 1, 'mode': 'SAE4WMI', 'output': 1.23962, 'time': 0.10795474052429199}, {'N': 10000, 'repeat': 3, 'n_integrations': 1, 'mode': 'SAE4WMI', 'output': 1.15871, 'time': 0.09692859649658203}, {'N': 10000, 'repeat': 4, 'n_integrations': 1, 'mode': 'SAE4WMI', 'output': 1.38608, 'time': 0.12115907669067383}, {'N': 10000, 'repeat': 5, 'n_integrations': 1, 'mode': 'SAE4WMI', 'output': 1.32313, 'time': 0.12395882606506348}, {'N': 10000, 'repeat': 6, 'n_integrations': 1, 'mode': 'SAE4WMI', 'output': 1.39828, 'time': 0.12912440299987793}, {'N': 10000, 'repeat': 7, 'n_integrations': 1, 'mode': 'SAE4WMI', 'output': 1.31333, 'time': 0.13106107711791992}, {'N': 10000, 'repeat': 8, 'n_integrations': 1, 'mode': 'SAE4WMI', 'output': 1.26252, 'time': 0.13193464279174805}, {'N': 10000, 'repeat': 9, 'n_integrations': 1, 'mode': 'SAE4WMI', 'output': 1.35584, 'time': 0.10626769065856934}]"
rational,(8.77*x**1+9.43*x**0) / (3.36*x**1 + 6.77*x**0),16,"(1.51551, 1.71479)",,"(0.1082313060760498, 0.13344383239746094)","[{'N': 10000, 'repeat': 0, 'n_integrations': 1, 'mode': 'SAE4WMI', 'output': 1.5915, 'time': 0.12758421897888184}, {'N': 10000, 'repeat': 1, 'n_integrations': 1, 'mode': 'SAE4WMI', 'output': 1.51551, 'time': 0.1320333480834961}, {'N': 10000, 'repeat': 2, 'n_integrations': 1, 'mode': 'SAE4WMI', 'output': 1.65628, 'time': 0.12200164794921875}, {'N': 10000, 'repeat': 3, 'n_integrations': 1, 'mode': 'SAE4WMI', 'output': 1.61511, 'time': 0.1082313060760498}, {'N': 10000, 'repeat': 4, 'n_integrations': 1, 'mode': 'SAE4WMI', 'output': 1.59072, 'time': 0.13256525993347168}, {'N': 10000, 'repeat': 5, 'n_integrations': 1, 'mode': 'SAE4WMI', 'output': 1.66803, 'time': 0.11684536933898926}, {'N': 10000, 'repeat': 6, 'n_integrations': 1, 'mode': 'SAE4WMI', 'output': 1.7136, 'time': 0.11305832862854004}, {'N': 10000, 'repeat': 7, 'n_integrations': 1, 'mode': 'SAE4WMI', 'output': 1.71479, 'time': 0.13344383239746094}, {'N': 10000, 'repeat': 8, 'n_integrations': 1, 'mode': 'SAE4WMI', 'output': 1.6893, 'time': 0.12636995315551758}, {'N': 10000, 'repeat': 9, 'n_integrations': 1, 'mode': 'SAE4WMI', 'output': 1.62691, 'time': 0.1236567497253418}]"
rational,(6.94*x**2+4.28*x**1+3.7*x**0) / (9.97*x**0),17,"(0.736015, 0.867622)",,"(0.10757637023925781, 0.1358320713043213)","[{'N': 10000, 'repeat': 0, 'n_integrations': 1, 'mode': 'SAE4WMI', 'output': 0.861942, 'time': 0.10757637023925781}, {'N': 10000, 'repeat': 1, 'n_integrations': 1, 'mode': 'SAE4WMI', 'output': 0.748036, 'time': 0.11747527122497559}, {'N': 10000, 'repeat': 2, 'n_integrations': 1, 'mode': 'SAE4WMI', 'output': 0.80448, 'time': 0.12884521484375}, {'N': 10000, 'repeat': 3, 'n_integrations': 1, 'mode': 'SAE4WMI', 'output': 0.736015, 'time': 0.13055944442749023}, {'N': 10000, 'repeat': 4, 'n_integrations': 1, 'mode': 'SAE4WMI', 'output': 0.867622, 'time': 0.11502504348754883}, {'N': 10000, 'repeat': 5, 'n_integrations': 1, 'mode': 'SAE4WMI', 'output': 0.738785, 'time': 0.12186384201049805}, {'N': 10000, 'repeat': 6, 'n_integrations': 1, 'mode': 'SAE4WMI', 'output': 0.826505, 'time': 0.1358320713043213}, {'N': 10000, 'repeat': 7, 'n_integrations': 1, 'mode': 'SAE4WMI', 'output': 0.832257, 'time': 0.12308454513549805}, {'N': 10000, 'repeat': 8, 'n_integrations': 1, 'mode': 'SAE4WMI', 'output': 0.758462, 'time': 0.11659359931945801}, {'N': 10000, 'repeat': 9, 'n_integrations': 1, 'mode': 'SAE4WMI', 'output': 0.861206, 'time': 0.11614584922790527}]"
rational,(2.29*x**2+5.38*x**1+6.26*x**0) / (6.87*x**0),18,"(1.32579, 1.43252)",,"(0.1082756519317627, 0.13894915580749512)","[{'N': 10000, 'repeat': 0, 'n_integrations': 1, 'mode': 'SAE4WMI', 'output': 1.32579, 'time': 0.12327456474304199}, {'N': 10000, 'repeat': 1, 'n_integrations': 1, 'mode': 'SAE4WMI', 'output': 1.42301, 'time': 0.13894915580749512}, {'N': 10000, 'repeat': 2, 'n_integrations': 1, 'mode': 'SAE4WMI', 'output': 1.34659, 'time': 0.1338968276977539}, {'N': 10000, 'repeat': 3, 'n_integrations': 1, 'mode': 'SAE4WMI', 'output': 1.34233, 'time': 0.13625216484069824}, {'N': 10000, 'repeat': 4, 'n_integrations': 1, 'mode': 'SAE4WMI', 'output': 1.43209, 'time': 0.1340031623840332}, {'N': 10000, 'repeat': 5, 'n_integrations': 1, 'mode': 'SAE4WMI', 'output': 1.39461, 'time': 0.13128280639648438}, {'N': 10000, 'repeat': 6, 'n_integrations': 1, 'mode': 'SAE4WMI', 'output': 1.37317, 'time': 0.13373255729675293}, {'N': 10000, 'repeat': 7, 'n_integrations': 1, 'mode': 'SAE4WMI', 'output': 1.40847, 'time': 0.13610291481018066}, {'N': 10000, 'repeat': 8, 'n_integrations': 1, 'mode': 'SAE4WMI', 'output': 1.43252, 'time': 0.1082756519317627}, {'N': 10000, 'repeat': 9, 'n_integrations': 1, 'mode': 'SAE4WMI', 'output': 1.33049, 'time': 0.1343073844909668}]"
rational,(5.42*x**0) / (5.59*x**3 + 8.45*x**2 + 2.09*x**1 + 5.06*x**0),19,"(0.568319, 0.68137)",,"(0.10981059074401855, 0.1482081413269043)","[{'N': 10000, 'repeat': 0, 'n_integrations': 1, 'mode': 'SAE4WMI', 'output': 0.665412, 'time': 0.14294838905334473}, {'N': 10000, 'repeat': 1, 'n_integrations': 1, 'mode': 'SAE4WMI', 'output': 0.60746, 'time': 0.14280271530151367}, {'N': 10000, 'repeat': 2, 'n_integrations': 1, 'mode': 'SAE4WMI', 'output': 0.611297, 'time': 0.1410048007965088}, {'N': 10000, 'repeat': 3, 'n_integrations': 1, 'mode': 'SAE4WMI', 'output': 0.639911, 'time': 0.12872004508972168}, {'N': 10000, 'repeat': 4, 'n_integrations': 1, 'mode': 'SAE4WMI', 'output': 0.568319, 'time': 0.10981059074401855}, {'N': 10000, 'repeat': 5, 'n_integrations': 1, 'mode': 'SAE4WMI', 'output': 0.600556, 'time': 0.11275053024291992}, {'N': 10000, 'repeat': 6, 'n_integrations': 1, 'mode': 'SAE4WMI', 'output': 0.609051, 'time': 0.11891961097717285}, {'N': 10000, 'repeat': 7, 'n_integrations': 1, 'mode': 'SAE4WMI', 'output': 0.629061, 'time': 0.13549590110778809}, {'N': 10000, 'repeat': 8, 'n_integrations': 1, 'mode': 'SAE4WMI', 'output': 0.680699, 'time': 0.13289213180541992}, {'N': 10000, 'repeat': 9, 'n_integrations': 1, 'mode': 'SAE4WMI', 'output': 0.68137, 'time': 0.1482081413269043}]"
rational,(4.95*x**2+0.44*x**1+0.39*x**0) / (2.01*x**2 + 2.62*x**1 + 3.66*x**0),20,"(0.323845, 0.398086)",,"(0.11952686309814453, 0.1872105598449707)","[{'N': 10000, 'repeat': 0, 'n_integrations': 1, 'mode': 'SAE4WMI', 'output': 0.323845, 'time': 0.14016938209533691}, {'N': 10000, 'repeat': 1, 'n_integrations': 1, 'mode': 'SAE4WMI', 'output': 0.3749, 'time': 0.13678932189941406}, {'N': 10000, 'repeat': 2, 'n_integrations': 1, 'mode': 'SAE4WMI', 'output': 0.362392, 'time': 0.14148950576782227}, {'N': 10000, 'repeat': 3, 'n_integrations': 1, 'mode': 'SAE4WMI', 'output': 0.367524, 'time': 0.13212347030639648}, {'N': 10000, 'repeat': 4, 'n_integrations': 1, 'mode': 'SAE4WMI', 'output': 0.376444, 'time': 0.12541651725769043}, {'N': 10000, 'repeat': 5, 'n_integrations': 1, 'mode': 'SAE4WMI', 'output': 0.332885, 'time': 0.11952686309814453}, {'N': 10000, 'repeat': 6, 'n_integrations': 1, 'mode': 'SAE4WMI', 'output': 0.398086, 'time': 0.11999726295471191}, {'N': 10000, 'repeat': 7, 'n_integrations': 1, 'mode': 'SAE4WMI', 'output': 0.362594, 'time': 0.12182807922363281}, {'N': 10000, 'repeat': 8, 'n_integrations': 1, 'mode': 'SAE4WMI', 'output': 0.338255, 'time': 0.1872105598449707}, {'N': 10000, 'repeat': 9, 'n_integrations': 1, 'mode': 'SAE4WMI', 'output': 0.357033, 'time': 0.13312220573425293}]"
rational,(9.06*x**1+3.41*x**0) / (5.27*x**3 + 9.03*x**2 + 3.04*x**1 + 8.66*x**0),21,"(0.459139, 0.576569)",,"(0.10739350318908691, 0.15865659713745117)","[{'N': 10000, 'repeat': 0, 'n_integrations': 1, 'mode': 'SAE4WMI', 'output': 0.501008, 'time': 0.10739350318908691}, {'N': 10000, 'repeat': 1, 'n_integrations': 1, 'mode': 'SAE4WMI', 'output': 0.533045, 'time': 0.13959527015686035}, {'N': 10000, 'repeat': 2, 'n_integrations': 1, 'mode': 'SAE4WMI', 'output': 0.552622, 'time': 0.12073612213134766}, {'N': 10000, 'repeat': 3, 'n_integrations': 1, 'mode': 'SAE4WMI', 'output': 0.566638, 'time': 0.1256120204925537}, {'N': 10000, 'repeat': 4, 'n_integrations': 1, 'mode': 'SAE4WMI', 'output': 0.576569, 'time': 0.1374814510345459}, {'N': 10000, 'repeat': 5, 'n_integrations': 1, 'mode': 'SAE4WMI', 'output': 0.548694, 'time': 0.12746596336364746}, {'N': 10000, 'repeat': 6, 'n_integrations': 1, 'mode': 'SAE4WMI', 'output': 0.556104, 'time': 0.12197613716125488}, {'N': 10000, 'repeat': 7, 'n_integrations': 1, 'mode': 'SAE4WMI', 'output': 0.567005, 'time': 0.15865659713745117}, {'N': 10000, 'repeat': 8, 'n_integrations': 1, 'mode': 'SAE4WMI', 'output': 0.570647, 'time': 0.14058780670166016}, {'N': 10000, 'repeat': 9, 'n_integrations': 1, 'mode': 'SAE4WMI', 'output': 0.459139, 'time': 0.15166091918945312}]"
rational,(3.3*x**3+7.36*x**2+2.35*x**1+7.84*x**0) / (6.66*x**2 + 0.26*x**1 + 6.45*x**0),22,"(1.21513, 1.42717)",,"(0.10013675689697266, 0.15804576873779297)","[{'N': 10000, 'repeat': 0, 'n_integrations': 1, 'mode': 'SAE4WMI', 'output': 1.2354, 'time': 0.1410055160522461}, {'N': 10000, 'repeat': 1, 'n_integrations': 1, 'mode': 'SAE4WMI', 'output': 1.3777, 'time': 0.1305220127105713}, {'N': 10000, 'repeat': 2, 'n_integrations': 1, 'mode': 'SAE4WMI', 'output': 1.21513, 'time': 0.12963056564331055}, {'N': 10000, 'repeat': 3, 'n_integrations': 1, 'mode': 'SAE4WMI', 'output': 1.42717, 'time': 0.13164043426513672}, {'N': 10000, 'repeat': 4, 'n_integrations': 1, 'mode': 'SAE4WMI', 'output': 1.25793, 'time': 0.10013675689697266}, {'N': 10000, 'repeat': 5, 'n_integrations': 1, 'mode': 'SAE4WMI', 'output': 1.37867, 'time': 0.12616777420043945}, {'N': 10000, 'repeat': 6, 'n_integrations': 1, 'mode': 'SAE4WMI', 'output': 1.3384, 'time': 0.15804576873779297}, {'N': 10000, 'repeat': 7, 'n_integrations': 1, 'mode': 'SAE4WMI', 'output': 1.30663, 'time': 0.1376199722290039}, {'N': 10000, 'repeat': 8, 'n_integrations': 1, 'mode': 'SAE4WMI', 'output': 1.34276, 'time': 0.14683747291564941}, {'N': 10000, 'repeat': 9, 'n_integrations': 1, 'mode': 'SAE4WMI', 'output': 1.29845, 'time': 0.14386391639709473}]"
rational,(5.14*x**1+4.65*x**0) / (7.86*x**2 + 6.72*x**1 + 8.26*x**0),23,"(0.475237, 0.538241)",,"(0.11295366287231445, 0.2102513313293457)","[{'N': 10000, 'repeat': 0, 'n_integrations': 1, 'mode': 'SAE4WMI', 'output': 0.495985, 'time': 0.2102513313293457}, {'N': 10000, 'repeat': 1, 'n_integrations': 1, 'mode': 'SAE4WMI', 'output': 0.534904, 'time': 0.13269305229187012}, {'N': 10000, 'repeat': 2, 'n_integrations': 1, 'mode': 'SAE4WMI', 'output': 0.524525, 'time': 0.1293349266052246}, {'N': 10000, 'repeat': 3, 'n_integrations': 1, 'mode': 'SAE4WMI', 'output': 0.526678, 'time': 0.12952232360839844}, {'N': 10000, 'repeat': 4, 'n_integrations': 1, 'mode': 'SAE4WMI', 'output': 0.488437, 'time': 0.12587571144104004}, {'N': 10000, 'repeat': 5, 'n_integrations': 1, 'mode': 'SAE4WMI', 'output': 0.509838, 'time': 0.14112472534179688}, {'N': 10000, 'repeat': 6, 'n_integrations': 1, 'mode': 'SAE4WMI', 'output': 0.489828, 'time': 0.13906526565551758}, {'N': 10000, 'repeat': 7, 'n_integrations': 1, 'mode': 'SAE4WMI', 'output': 0.475237, 'time': 0.12778425216674805}, {'N': 10000, 'repeat': 8, 'n_integrations': 1, 'mode': 'SAE4WMI', 'output': 0.519026, 'time': 0.12601590156555176}, {'N': 10000, 'repeat': 9, 'n_integrations': 1, 'mode': 'SAE4WMI', 'output': 0.538241, 'time': 0.11295366287231445}]"
rational,(2.37*x**2+4.22*x**1+2.63*x**0) / (3.43*x**2 + 8.77*x**1 + 5.88*x**0),24,"(0.439532, 0.504179)",,"(0.10749483108520508, 0.17949652671813965)","[{'N': 10000, 'repeat': 0, 'n_integrations': 1, 'mode': 'SAE4WMI', 'output': 0.493672, 'time': 0.10749483108520508}, {'N': 10000, 'repeat': 1, 'n_integrations': 1, 'mode': 'SAE4WMI', 'output': 0.494359, 'time': 0.12559938430786133}, {'N': 10000, 'repeat': 2, 'n_integrations': 1, 'mode': 'SAE4WMI', 'output': 0.487328, 'time': 0.12037110328674316}, {'N': 10000, 'repeat': 3, 'n_integrations': 1, 'mode': 'SAE4WMI', 'output': 0.467388, 'time': 0.11225295066833496}, {'N': 10000, 'repeat': 4, 'n_integrations': 1, 'mode': 'SAE4WMI', 'output': 0.446812, 'time': 0.1584322452545166}, {'N': 10000, 'repeat': 5, 'n_integrations': 1, 'mode': 'SAE4WMI', 'output': 0.458238, 'time': 0.17949652671813965}, {'N': 10000, 'repeat': 6, 'n_integrations': 1, 'mode': 'SAE4WMI', 'output': 0.439532, 'time': 0.1412348747253418}, {'N': 10000, 'repeat': 7, 'n_integrations': 1, 'mode': 'SAE4WMI', 'output': 0.468595, 'time': 0.11088037490844727}, {'N': 10000, 'repeat': 8, 'n_integrations': 1, 'mode': 'SAE4WMI', 'output': 0.504179, 'time': 0.11146330833435059}, {'N': 10000, 'repeat': 9, 'n_integrations': 1, 'mode': 'SAE4WMI', 'output': 0.457941, 'time': 0.11326074600219727}]"
rational,(0.62*x**2+5.67*x**1+4.09*x**0) / (2.09*x**1 + 1.42*x**0),25,"(2.68792, 3.03229)",,"(0.11022686958312988, 0.13962411880493164)","[{'N': 10000, 'repeat': 0, 'n_integrations': 1, 'mode': 'SAE4WMI', 'output': 2.80204, 'time': 0.1218574047088623}, {'N': 10000, 'repeat': 1, 'n_integrations': 1, 'mode': 'SAE4WMI', 'output': 2.68792, 'time': 0.12362504005432129}, {'N': 10000, 'repeat': 2, 'n_integrations': 1, 'mode': 'SAE4WMI', 'output': 2.86089, 'time': 0.11063504219055176}, {'N': 10000, 'repeat': 3, 'n_integrations': 1, 'mode': 'SAE4WMI', 'output': 2.96868, 'time': 0.11022686958312988}, {'N': 10000, 'repeat': 4, 'n_integrations': 1, 'mode': 'SAE4WMI', 'output': 2.73285, 'time': 0.13962411880493164}, {'N': 10000, 'repeat': 5, 'n_integrations': 1, 'mode': 'SAE4WMI', 'output': 2.96605, 'time': 0.12143445014953613}, {'N': 10000, 'repeat': 6, 'n_integrations': 1, 'mode': 'SAE4WMI', 'output': 3.03229, 'time': 0.11903905868530273}, {'N': 10000, 'repeat': 7, 'n_integrations': 1, 'mode': 'SAE4WMI', 'output': 2.93244, 'time': 0.13900351524353027}, {'N': 10000, 'repeat': 8, 'n_integrations': 1, 'mode': 'SAE4WMI', 'output': 2.88479, 'time': 0.12140059471130371}, {'N': 10000, 'repeat': 9, 'n_integrations': 1, 'mode': 'SAE4WMI', 'output': 2.91192, 'time': 0.1242070198059082}]"
rational,(1.43*x**2+0.24*x**1+1.73*x**0) / (7.39*x**0),26,"(0.296996, 0.33444)",,"(0.11330580711364746, 0.13535594940185547)","[{'N': 10000, 'repeat': 0, 'n_integrations': 1, 'mode': 'SAE4WMI', 'output': 0.320623, 'time': 0.11330580711364746}, {'N': 10000, 'repeat': 1, 'n_integrations': 1, 'mode': 'SAE4WMI', 'output': 0.308003, 'time': 0.12941527366638184}, {'N': 10000, 'repeat': 2, 'n_integrations': 1, 'mode': 'SAE4WMI', 'output': 0.33444, 'time': 0.1262345314025879}, {'N': 10000, 'repeat': 3, 'n_integrations': 1, 'mode': 'SAE4WMI', 'output': 0.330277, 'time': 0.13535594940185547}, {'N': 10000, 'repeat': 4, 'n_integrations': 1, 'mode': 'SAE4WMI', 'output': 0.312827, 'time': 0.133223295211792}, {'N': 10000, 'repeat': 5, 'n_integrations': 1, 'mode': 'SAE4WMI', 'output': 0.314824, 'time': 0.11682820320129395}, {'N': 10000, 'repeat': 6, 'n_integrations': 1, 'mode': 'SAE4WMI', 'output': 0.309494, 'time': 0.11860013008117676}, {'N': 10000, 'repeat': 7, 'n_integrations': 1, 'mode': 'SAE4WMI', 'output': 0.296996, 'time': 0.1316373348236084}, {'N': 10000, 'repeat': 8, 'n_integrations': 1, 'mode': 'SAE4WMI', 'output': 0.314379, 'time': 0.13065409660339355}, {'N': 10000, 'repeat': 9, 'n_integrations': 1, 'mode': 'SAE4WMI', 'output': 0.30611, 'time': 0.11424756050109863}]"
rational,(4.57*x**0) / (7.21*x**3 + 0.49*x**2 + 0.83*x**1 + 8.92*x**0),27,"(0.38264, 0.440384)",,"(0.11204218864440918, 0.14676475524902344)","[{'N': 10000, 'repeat': 0, 'n_integrations': 1, 'mode': 'SAE4WMI', 'output': 0.38264, 'time': 0.11469078063964844}, {'N': 10000, 'repeat': 1, 'n_integrations': 1, 'mode': 'SAE4WMI', 'output': 0.421755, 'time': 0.12442970275878906}, {'N': 10000, 'repeat': 2, 'n_integrations': 1, 'mode': 'SAE4WMI', 'output': 0.422622, 'time': 0.14676475524902344}, {'N': 10000, 'repeat': 3, 'n_integrations': 1, 'mode': 'SAE4WMI', 'output': 0.418956, 'time': 0.12747764587402344}, {'N': 10000, 'repeat': 4, 'n_integrations': 1, 'mode': 'SAE4WMI', 'output': 0.419286, 'time': 0.14329814910888672}, {'N': 10000, 'repeat': 5, 'n_integrations': 1, 'mode': 'SAE4WMI', 'output': 0.420087, 'time': 0.12978601455688477}, {'N': 10000, 'repeat': 6, 'n_integrations': 1, 'mode': 'SAE4WMI', 'output': 0.401374, 'time': 0.12231183052062988}, {'N': 10000, 'repeat': 7, 'n_integrations': 1, 'mode': 'SAE4WMI', 'output': 0.440384, 'time': 0.1155400276184082}, {'N': 10000, 'repeat': 8, 'n_integrations': 1, 'mode': 'SAE4WMI', 'output': 0.405394, 'time': 0.1336822509765625}, {'N': 10000, 'repeat': 9, 'n_integrations': 1, 'mode': 'SAE4WMI', 'output': 0.409389, 'time': 0.11204218864440918}]"
rational,(0.59*x**3+2.64*x**2+7.3*x**1+2.69*x**0) / (7.83*x**2 + 7.81*x**1 + 9.55*x**0),28,"(0.41635, 0.482234)",,"(0.12094330787658691, 0.1593031883239746)","[{'N': 10000, 'repeat': 0, 'n_integrations': 1, 'mode': 'SAE4WMI', 'output': 0.41635, 'time': 0.13109779357910156}, {'N': 10000, 'repeat': 1, 'n_integrations': 1, 'mode': 'SAE4WMI', 'output': 0.450087, 'time': 0.1593031883239746}, {'N': 10000, 'repeat': 2, 'n_integrations': 1, 'mode': 'SAE4WMI', 'output': 0.482234, 'time': 0.1375565528869629}, {'N': 10000, 'repeat': 3, 'n_integrations': 1, 'mode': 'SAE4WMI', 'output': 0.44438, 'time': 0.12674331665039062}, {'N': 10000, 'repeat': 4, 'n_integrations': 1, 'mode': 'SAE4WMI', 'output': 0.445093, 'time': 0.12826943397521973}, {'N': 10000, 'repeat': 5, 'n_integrations': 1, 'mode': 'SAE4WMI', 'output': 0.449958, 'time': 0.12232422828674316}, {'N': 10000, 'repeat': 6, 'n_integrations': 1, 'mode': 'SAE4WMI', 'output': 0.456712, 'time': 0.12892413139343262}, {'N': 10000, 'repeat': 7, 'n_integrations': 1, 'mode': 'SAE4WMI', 'output': 0.420129, 'time': 0.13018512725830078}, {'N': 10000, 'repeat': 8, 'n_integrations': 1, 'mode': 'SAE4WMI', 'output': 0.448275, 'time': 0.12094330787658691}, {'N': 10000, 'repeat': 9, 'n_integrations': 1, 'mode': 'SAE4WMI', 'output': 0.439629, 'time': 0.1383655071258545}]"
rational,(2.71*x**2+7.27*x**1+5.56*x**0) / (1.41*x**3 + 0.4*x**2 + 2.62*x**1 + 0.36*x**0),29,"(5.41684, 6.21064)",,"(0.11522793769836426, 0.15226030349731445)","[{'N': 10000, 'repeat': 0, 'n_integrations': 1, 'mode': 'SAE4WMI', 'output': 5.56546, 'time': 0.15226030349731445}, {'N': 10000, 'repeat': 1, 'n_integrations': 1, 'mode': 'SAE4WMI', 'output': 6.21064, 'time': 0.1392974853515625}, {'N': 10000, 'repeat': 2, 'n_integrations': 1, 'mode': 'SAE4WMI', 'output': 6.08083, 'time': 0.13121414184570312}, {'N': 10000, 'repeat': 3, 'n_integrations': 1, 'mode': 'SAE4WMI', 'output': 5.94372, 'time': 0.12215352058410645}, {'N': 10000, 'repeat': 4, 'n_integrations': 1, 'mode': 'SAE4WMI', 'output': 5.92937, 'time': 0.11522793769836426}, {'N': 10000, 'repeat': 5, 'n_integrations': 1, 'mode': 'SAE4WMI', 'output': 5.8224, 'time': 0.11736440658569336}, {'N': 10000, 'repeat': 6, 'n_integrations': 1, 'mode': 'SAE4WMI', 'output': 5.41684, 'time': 0.12044358253479004}, {'N': 10000, 'repeat': 7, 'n_integrations': 1, 'mode': 'SAE4WMI', 'output': 5.87297, 'time': 0.13620829582214355}, {'N': 10000, 'repeat': 8, 'n_integrations': 1, 'mode': 'SAE4WMI', 'output': 5.73793, 'time': 0.12692785263061523}, {'N': 10000, 'repeat': 9, 'n_integrations': 1, 'mode': 'SAE4WMI', 'output': 6.12435, 'time': 0.1430819034576416}]"
